"Clientele","ID","Created Date","Updated Date","Owner","Image Of Clientele","Title Of Clientele","Description Of Clientele"
"Neurodivergent","12877bb0-f325-40ad-926b-cc436b2615c5",2025-01-28T15:56:01Z,2025-02-22T18:38:04Z,"9dc9c0f9-2a56-4482-9b11-6aadefe6202d","wix:image://v1/775d549dd58347c38334d3e9b0e75074.jpg/Kids%20Running.jpg#originWidth=5121&originHeight=3414","<h2 class=""font_2"">Top Treatment Centers For Neurodivergent</h2>","<p class=""font_7"">Here, you can discover rehab centers that treat addiction and also focus on mental health issues such as depression, anxiety, trauma, and more. Read impartial reviews to help you choose the best rehab center for your recovery journey.</p>"
"Veterans","26d21338-900d-4b92-9ee1-be10f1c17641",2025-01-28T15:56:56Z,2025-02-22T18:37:49Z,"9dc9c0f9-2a56-4482-9b11-6aadefe6202d","wix:image://v1/11062b_f906e21dc13e490a8b4f6a427446ec12~mv2.jpg/Veteran%20Family.jpg#originWidth=5000&originHeight=3333","<h2 class=""font_2"">Top Treatment Centers For Veterans</h2>","<p class=""font_7"">Here, you can discover rehab centers that treat addiction and also focus on mental health issues such as depression, anxiety, trauma, and more. Read impartial reviews to help you choose the best rehab center for your recovery journey.</p>"
"Adolescents","2aa856b8-6079-42e1-93f9-8f265e2bd390",2025-01-28T15:53:50Z,2025-02-22T18:38:31Z,"9dc9c0f9-2a56-4482-9b11-6aadefe6202d","wix:image://v1/64acc7feb20b4af059b6fd66a28e5509.jpg/Happy%20Teens%20.jpg#originWidth=750&originHeight=500","<h2 class=""font_2"">Top Treatment Centers For Adolescents</h2>","<p class=""font_7"">Here, you can discover rehab centers that treat addiction and also focus on mental health issues such as depression, anxiety, trauma, and more. Read impartial reviews to help you choose the best rehab center for your recovery journey.</p>"
"Pregnant Women","3408b393-9f0c-4e34-87d2-f92b590b7fd7",2025-01-28T15:56:20Z,2025-02-22T18:37:58Z,"9dc9c0f9-2a56-4482-9b11-6aadefe6202d","wix:image://v1/11062b_f50a5c8a9e404f3494cdf06dcc723c7d~mv2.jpeg/Pregnant.jpeg#originWidth=5000&originHeight=3333","<h2 class=""font_2"">Top Treatment Centers For Pregnant Women</h2>","<p class=""font_7"">Here, you can discover rehab centers that treat addiction and also focus on mental health issues such as depression, anxiety, trauma, and more. Read impartial reviews to help you choose the best rehab center for your recovery journey.</p>"
"UHNW Clients & Families","40768bc8-8b9f-435f-aa49-69263c119b01",2025-01-28T15:56:42Z,2025-02-22T18:37:51Z,"9dc9c0f9-2a56-4482-9b11-6aadefe6202d","wix:image://v1/24373c41b25a4582abdd3b8750f64d92.jpg/Family%20Portrait%202.jpg#originWidth=5600&originHeight=3727","<h2 class=""font_2"">Top Treatment Centers For UHNW Clients &amp; Families</h2>","<p class=""font_7"">Here, you can discover rehab centers that treat addiction and also focus on mental health issues such as depression, anxiety, trauma, and more. Read impartial reviews to help you choose the best rehab center for your recovery journey.</p>"
"Couples","45151f8d-2216-4a9a-89aa-5b564259f701",2025-01-28T15:55:01Z,2025-02-22T18:38:20Z,"9dc9c0f9-2a56-4482-9b11-6aadefe6202d","wix:image://v1/11062b_d5b6a14eb139448298c914b5c0637d53~mv2.jpg/Picnic%20in%20Park.jpg#originWidth=1800&originHeight=1200","<h2 class=""font_2"">Top Treatment Centers For Couples</h2>","<p class=""font_7"">Here, you can discover rehab centers that treat addiction and also focus on mental health issues such as depression, anxiety, trauma, and more. Read impartial reviews to help you choose the best rehab center for your recovery journey.</p>"
"Women","4c6889da-bc32-4113-b483-c771e675ec02",2025-01-28T15:57:11Z,2025-04-05T14:58:22Z,"9dc9c0f9-2a56-4482-9b11-6aadefe6202d","wix:image://v1/11062b_e4e6ad64f3ed454098e79cefb3b7978a~mv2.jpeg/Women%20Laughing%20on%20Couch.jpeg#originWidth=4805&originHeight=3203","<h2 class=""font_2"">Top Treatment Centers For Women only</h2>","<p class=""font_7"">Here, you can discover rehab centers that treat addiction and also focus on mental health issues such as depression, anxiety, trauma, and more. Read impartial reviews to help you choose the best rehab center for your recovery journey.</p>"
"Girls","51206dab-7796-4880-ae10-40e950f8ea81",2025-01-28T15:55:24Z,2025-02-22T18:38:13Z,"9dc9c0f9-2a56-4482-9b11-6aadefe6202d","wix:image://v1/622fc8f182be4c149e364ab577689548.jpg/Girls%20Partying.jpg#originWidth=4579&originHeight=3057","<h2 class=""font_2"">Top Treatment Centers For Girls</h2>","<p class=""font_7"">Here, you can discover rehab centers that treat addiction and also focus on mental health issues such as depression, anxiety, trauma, and more. Read impartial reviews to help you choose the best rehab center for your recovery journey.</p>"
"Children","546ce606-a775-4c6c-9505-17b79b90d405",2025-01-28T15:54:26Z,2025-02-22T18:38:23Z,"9dc9c0f9-2a56-4482-9b11-6aadefe6202d","wix:image://v1/11062b_d3d62481e1e94f598bcb108e2b3942d8~mv2.jpg/Children%20Playing%20in%20Circle.jpg#originWidth=5000&originHeight=3476","<h2 class=""font_2"">Top Treatment Centers For Children</h2>","<p class=""font_7"">Here, you can discover rehab centers that treat addiction and also focus on mental health issues such as depression, anxiety, trauma, and more. Read impartial reviews to help you choose the best rehab center for your recovery journey.</p>"
"Older Adults","767ad355-857d-4ddd-b184-785e8609fbb4",2025-01-28T15:56:09Z,2025-02-22T18:38:01Z,"9dc9c0f9-2a56-4482-9b11-6aadefe6202d","wix:image://v1/11062b_d85e963f556146009d0a48f01daa19d4~mv2.jpg/Seniors%20Enjoying%20Group%20Activity.jpg#originWidth=6016&originHeight=4016","<h2 class=""font_2"">Top Treatment Centers For Older Adults</h2>","<p class=""font_7"">Here, you can discover rehab centers that treat addiction and also focus on mental health issues such as depression, anxiety, trauma, and more. Read impartial reviews to help you choose the best rehab center for your recovery journey.</p>"
"Boys","7e58acf6-5945-4dba-a3e1-c4dddf40a0e3",2025-01-28T15:54:02Z,2025-02-22T18:38:27Z,"9dc9c0f9-2a56-4482-9b11-6aadefe6202d","wix:image://v1/11062b_c97c73101e0f49768887c0b19642418c~mv2.jpg/Boys%20Sitting%20on%20Pumpkins.jpg#originWidth=5700&originHeight=3800","<h2 class=""font_2"">Top Treatment Centers For Boys</h2>","<p class=""font_7"">Here, you can discover rehab centers that treat addiction and also focus on mental health issues such as depression, anxiety, trauma, and more. Read impartial reviews to help you choose the best rehab center for your recovery journey.</p>"
"Executives","825f6b22-cb17-4d6e-bd6e-27053ba5a714",2025-01-28T15:55:12Z,2025-02-22T18:38:17Z,"9dc9c0f9-2a56-4482-9b11-6aadefe6202d","wix:image://v1/11062b_85c104559ef94831b9ab9f540dfc0a36~mv2.jpeg/Business%20conference.jpeg#originWidth=4680&originHeight=3120","<h2 class=""font_2"">Top Treatment Centers For Executives</h2>","<p class=""font_7"">Here, you can discover rehab centers that treat addiction and also focus on mental health issues such as depression, anxiety, trauma, and more. Read impartial reviews to help you choose the best rehab center for your recovery journey.</p>"
"LGBTQ","a2bf61c4-d314-41e4-ae39-71c3cdf29253",2025-01-28T15:55:34Z,2025-02-22T18:38:10Z,"9dc9c0f9-2a56-4482-9b11-6aadefe6202d","wix:image://v1/11062b_06746d5c43d14ef8abec33154cdabacb~mv2.jpg/Rainbow%20Flags%20.jpg#originWidth=6968&originHeight=5009","<h2 class=""font_2"">Top Treatment Centers For LGBTQ+</h2>","<p class=""font_7"">Here, you can discover rehab centers that treat addiction and also focus on mental health issues such as depression, anxiety, trauma, and more. Read impartial reviews to help you choose the best rehab center for your recovery journey.</p>"
"Mild Disabilities","aaee2f39-198c-4583-8ef5-d5c2e9362550",2025-04-05T14:59:59Z,2025-04-05T15:00:56Z,"9dc9c0f9-2a56-4482-9b11-6aadefe6202d","wix:image://v1/11062b_1122f5888b2c4b89b2dc10aedb362561~mv2.jpg/Working%20from%20Cafe.jpg#originWidth=5000&originHeight=3333","<h2 class=""font_2"">Top Treatment Centers For Mild Disabilities</h2>","<p class=""font_7"">Here, you can discover rehab centers that treat addiction and also focus on mental health issues such as depression, anxiety, trauma, and more. Read impartial reviews to help you choose the best rehab center for your recovery journey.</p>"
"Professionals","ad242e71-ffbd-419c-9dc0-3422c59818fc",2025-01-28T15:56:32Z,2025-02-22T18:37:54Z,"9dc9c0f9-2a56-4482-9b11-6aadefe6202d","wix:image://v1/11062b_0d245a22d8ae4660b1f298787f9fe765~mv2.jpg/Office%20Talk.jpg#originWidth=5000&originHeight=3335","<h2 class=""font_2"">Top Treatment Centers For Professionals</h2>","<p class=""font_7"">Here, you can discover rehab centers that treat addiction and also focus on mental health issues such as depression, anxiety, trauma, and more. Read impartial reviews to help you choose the best rehab center for your recovery journey.</p>"
"Men","b369eb9d-b670-494e-9eb6-682ed44ee16e",2025-01-28T15:55:47Z,2025-04-05T14:58:27Z,"9dc9c0f9-2a56-4482-9b11-6aadefe6202d","wix:image://v1/11062b_68104b55b67a4db5a32ec6750cf8fda0~mv2.jpg/Men%20on%20Beach.jpg#originWidth=5616&originHeight=3744","<h2 class=""font_2"">Top Treatment Centers For Men Only</h2>","<p class=""font_7"">Here, you can discover rehab centers that treat addiction and also focus on mental health issues such as depression, anxiety, trauma, and more. Read impartial reviews to help you choose the best rehab center for your recovery journey.</p>"
"Midlife Adults","b3e18457-10bc-4f0e-bd08-7ecf3b801da1",2025-02-19T21:22:19Z,2025-04-06T12:30:12Z,"9dc9c0f9-2a56-4482-9b11-6aadefe6202d","wix:image://v1/11062b_8fd8468a7be04858a2b0ac2688ea9dfd~mv2.jpg/Smiling%20Businesswoman.jpg#originWidth=5489&originHeight=3669","<h2 class=""font_2"">Top Treatment Centers For Midlife Adults</h2>","<p class=""font_7"">Here, you can discover rehab centers that treat addiction and also focus on mental health issues such as depression, anxiety, trauma, and more. Read impartial reviews to help you choose the best rehab center for your recovery journey.</p>"
"Young Adults","c35483f1-ace2-4537-90b7-8e9cefc49bde",2025-01-28T15:57:25Z,2025-02-22T18:37:43Z,"9dc9c0f9-2a56-4482-9b11-6aadefe6202d","wix:image://v1/11062b_86abc86ccf0c408c954fc46fa16e0f22~mv2.jpg/Young%20Couple%20.jpg#originWidth=5869&originHeight=3913","<h2 class=""font_2"">Top Treatment Centers For Young Adults</h2>","<p class=""font_7"">Here, you can discover rehab centers that treat addiction and also focus on mental health issues such as depression, anxiety, trauma, and more. Read impartial reviews to help you choose the best rehab center for your recovery journey.</p>"
