"Therapies","ID","Created Date","Updated Date","Owner","Image Of Therapies","Title Of Therapies","Description Of Therapies","Therapies (Item)"
"Neurofeedback","06903a30-6287-4ac1-a747-63b4d45b6576",2025-01-28T16:15:19Z,2025-02-11T10:41:50Z,"9dc9c0f9-2a56-4482-9b11-6aadefe6202d",,"<h2 class=""font_2"">Top Treatment Centers With Neurofeedback</h2>","<p class=""font_7"">These centers use neurofeedback as part of their treatment plans to help individuals recovering from addiction or mental health issues. Browse our curated list to discover the best rehab facility that suits your needs.</p>","/therapies/neurofeedback"
"Online Therapy","06c41c6f-9a94-4ed4-9b9c-6dba0aaed754",2025-01-28T16:15:47Z,2025-02-11T10:41:57Z,"9dc9c0f9-2a56-4482-9b11-6aadefe6202d",,"<h2 class=""font_2"">Top Treatment Centers With Online Therapy</h2>","<p class=""font_7"">These centers include online therapy as part of their treatment plans to assist individuals recovering from addiction or mental health issues. Explore our curated list to find the ideal rehab that suits your needs.</p>","/therapies/online-therapy"
"Acupuncture","0762b3da-e526-4fc6-9518-002e1ff3e725",2025-01-28T16:03:50Z,2025-02-11T10:33:57Z,"9dc9c0f9-2a56-4482-9b11-6aadefe6202d",,"<h2 class=""font_2"">Top Treatment Centers With Acupuncture</h2>","<p class=""font_7"">These centers include acupuncture as part of their treatment programs to assist individuals recovering from addiction or mental health challenges. Explore our carefully curated list to find the ideal rehab for your needs.</p>","/therapies/acupuncture"
"Dialectical Behavior Therapy","08579f5e-f64f-4725-b0d7-4336311ba159",2025-01-28T16:07:23Z,2025-02-11T10:40:27Z,"9dc9c0f9-2a56-4482-9b11-6aadefe6202d",,"<h2 class=""font_2"">Top Treatment Centers With Dialectical Behavior Therapy</h2>","<p class=""font_7"">These centers include dialectical behavior therapy in their treatment plans to assist individuals in recovering from addiction or mental health issues. Browse our carefully selected list to find the ideal rehab that suits your needs.</p>","/therapies/dialectical-behavior-therapy"
"Didactic Group Therapy","0a4217e8-ceca-4a14-ad8b-22eab6bb91b5",2025-04-06T12:42:58Z,2025-04-06T12:43:40Z,"9dc9c0f9-2a56-4482-9b11-6aadefe6202d","wix:image://v1/9dc9c0_854f12ce5b19473dbb58bb9aeee959d4~mv2.jpg/support-restart.JPG#originWidth=907&originHeight=593","<h2 class=""font_2"">Top Treatment Centers With Didactic Group Therapy</h2>","<p class=""font_7"">These centers integrate yoga into their treatment programs to assist individuals recovering from addiction or mental health issues. Browse our carefully selected list to find the ideal rehab that suits your needs.</p>","/therapies/didactic-group-therapy"
"Sound Therapy","0e1c3e69-b21e-4de1-ad46-1d5c27f061a4",2025-01-28T16:19:00Z,2025-02-11T10:42:31Z,"9dc9c0f9-2a56-4482-9b11-6aadefe6202d",,"<h2 class=""font_2"">Top Treatment Centers With Sound Therapy</h2>","<p class=""font_7"">These centers integrate sound therapy into their treatment programs to aid individuals in recovery from addiction or mental health disorders. Browse our carefully selected list to find the ideal rehab that suits your needs.</p>","/therapies/sound-therapy"
"Twelve Step Facilitation","1738eff8-fd69-4e94-b262-7b1f5acbfa98",2025-02-19T21:31:27Z,2025-02-19T21:32:16Z,"9dc9c0f9-2a56-4482-9b11-6aadefe6202d",,"<h2 class=""font_2"">Top Treatment Centers With Twelve Step Facilitation</h2>","<p class=""font_7"">These centers integrate Twelve Step Facilitation into their treatment programs to assist individuals recovering from addiction or mental health issues. Browse our carefully selected list to find the ideal rehab that suits your needs.</p>","/therapies/twelve-step-facilitation"
"Psychoeducation","1b92e2dc-8ea3-4226-a3a6-fb3923a6ed04",2025-04-06T22:51:07Z,2025-04-06T22:51:25Z,"9dc9c0f9-2a56-4482-9b11-6aadefe6202d",,"<h2 class=""font_2"">Top Treatment Centers With &nbsp;Psychoeducation</h2>","<p class=""font_7"">These centers integrate yoga into their treatment programs to assist individuals recovering from addiction or mental health issues. Browse our carefully selected list to find the ideal rehab that suits your needs.</p>","/therapies/psychoeducation"
"Relaxation Therapy","1c01423b-fc8b-4783-9a4c-5bfec3656d3c",2025-01-28T16:18:31Z,2025-02-11T10:42:26Z,"9dc9c0f9-2a56-4482-9b11-6aadefe6202d",,"<h2 class=""font_2"">Top Treatment Centers With Relaxation Therapy</h2>","<p class=""font_7"">These centers include relaxation therapy in their treatment plans to aid individuals recovering from addiction or mental health issues. Browse our carefully selected list to find the ideal rehab that suits your needs.</p>","/therapies/relaxation-therapy"
"Cryotherapy","1eeec77b-1400-41ea-ad8b-3610d58b99b5",2025-01-28T16:07:11Z,2025-02-11T10:40:25Z,"9dc9c0f9-2a56-4482-9b11-6aadefe6202d",,"<h2 class=""font_2"">Top Treatment Centers With Cryotherapy</h2>","<p class=""font_7"">These centers include cryotherapy in their treatment plans to assist individuals recovering from addiction or mental health disorders. Explore our carefully selected list to find the best rehab facility for your needs.</p>","/therapies/cryotherapy"
"Ayurveda","21a020cd-6f29-4cd4-a2e9-07273f1fe918",2025-01-28T16:05:25Z,2025-02-11T10:34:19Z,"9dc9c0f9-2a56-4482-9b11-6aadefe6202d",,"<h2 class=""font_2"">Top Treatment Centers With Ayurveda</h2>","<p class=""font_7"">These centers integrate Ayurveda into their treatment programs to assist individuals recovering from addiction or mental health challenges. Explore our carefully curated list to find the ideal rehab for your needs.</p>","/therapies/ayurveda"
"Tai Chi","244c83bf-dc5e-496a-ac50-504043236595",2025-01-28T16:19:36Z,2025-02-11T10:42:43Z,"9dc9c0f9-2a56-4482-9b11-6aadefe6202d",,"<h2 class=""font_2"">Top Treatment Centers With Tai Chi</h2>","<p class=""font_7"">These centers include tai chi in their treatment programs to assist individuals in recovery from addiction or mental health issues. Browse our curated list to discover the best rehab facility for your needs.</p>","/therapies/tai-chi"
"Experiential Therapy","25a8dbd3-78ca-4570-b54e-70bd0de69bd0",2025-01-28T16:08:21Z,2025-02-11T10:40:38Z,"9dc9c0f9-2a56-4482-9b11-6aadefe6202d",,"<h2 class=""font_2"">Top Treatment Centers With Experiential Therapy</h2>","<p class=""font_7"">These centers integrate experiential therapy into their treatment plans to assist individuals in recovering from addiction or mental health disorders. Explore our curated list to find the rehab that best suits your needs.</p>","/therapies/experiential-therapy"
"Gestalt Therapy","25c2a465-7a5b-4e23-930a-e43819ff0207",2025-01-28T16:09:42Z,2025-02-11T10:40:52Z,"9dc9c0f9-2a56-4482-9b11-6aadefe6202d",,"<h2 class=""font_2"">Top Treatment Centers With Gestalt Therapy</h2>","<p class=""font_7"">These centers integrate gestalt therapy into their treatment plans to assist individuals in recovering from addiction or mental health issues. Browse our carefully selected list to find the rehab that best suits your needs.</p>","/therapies/gestalt-therapy"
"Play Therapy","2be0b056-7eff-4be9-acaf-5bfd749f6d5c",2025-01-28T16:16:55Z,2025-02-11T10:42:05Z,"9dc9c0f9-2a56-4482-9b11-6aadefe6202d",,"<h2 class=""font_2"">Top Treatment Centers With Play Therapy</h2>","<p class=""font_7"">These centers include play therapy in their treatment programs to assist individuals recovering from addiction or mental health issues. Browse our carefully selected list to find the ideal rehab that suits your needs.</p>","/therapies/play-therapy"
"Nutrition Counseling","3594ce77-f190-4f85-bf1d-474e193faed6",2025-01-28T16:15:24Z,2025-02-11T10:41:55Z,"9dc9c0f9-2a56-4482-9b11-6aadefe6202d",,"<h2 class=""font_2"">Top Treatment Centers With Nutrition Counseling</h2>","<p class=""font_7"">These centers include nutrition counseling as part of their treatment plans to assist individuals recovering from addiction or mental health issues. Browse our curated list to find the ideal rehab that suits your needs.</p>","/therapies/nutrition-counseling"
"Spontaneous Healing Intra -systemic Process","36a892ac-dd96-4477-bcdd-665cdf93d455",2025-01-28T16:19:12Z,2025-02-11T10:42:36Z,"9dc9c0f9-2a56-4482-9b11-6aadefe6202d",,"<h2 class=""font_2"">Top Treatment Centers With Spontaneous Healing Intra -systemic Process</h2>","<p class=""font_7"">These centers integrate spontaneous healing intra-systemic processes into their treatment plans to assist individuals recovering from addiction or mental health issues. Browse our carefully selected list to find the best rehab that suits your needs.</p>","/therapies/spontaneous-healing-intra-systemic-process"
"Family Therapy","3de4e576-e7b0-46d4-bb8b-23115751c87d",2025-01-28T16:09:07Z,2025-02-11T10:40:49Z,"9dc9c0f9-2a56-4482-9b11-6aadefe6202d",,"<h2 class=""font_2"">Top Treatment Centers With Family Therapy</h2>","<p class=""font_7"">These centers include family therapy in their treatment plans to help individuals recovering from addiction or mental health issues. Browse our carefully selected list to find the ideal rehab that suits your needs.</p>","/therapies/family-therapy"
"Massage Therapy","41238841-4d56-4742-af87-ae6da08d5dd1",2025-01-28T16:13:12Z,2025-02-11T10:41:20Z,"9dc9c0f9-2a56-4482-9b11-6aadefe6202d",,"<h2 class=""font_2"">Top Treatment Centers With Massage Therapy</h2>","<p class=""font_7"">These centers integrate Massage Therapy into their treatment programs to assist individuals recovering from addiction or mental health disorders. Explore our carefully selected list to find the ideal rehab center that suits your needs.</p>","/therapies/massage-therapy"
"Dolphin Therapy","421b4732-919f-49ba-91bf-a13c3791d42e",2025-01-28T16:07:38Z,2025-02-11T10:40:29Z,"9dc9c0f9-2a56-4482-9b11-6aadefe6202d",,"<h2 class=""font_2"">Top Treatment Centers With Dialectical Behavior Therapy</h2>","<p class=""font_7"">These centers include dolphin therapy in their treatment programs to aid individuals in recovering from addiction or mental health issues. Browse our carefully selected list to find the ideal rehab that suits your needs.</p>","/therapies/dolphin-therapy"
"Body Image Therapy","45c81d61-b5fb-4e18-8b60-1842ea4bb0f6",2025-01-28T16:06:01Z,2025-02-11T10:40:07Z,"9dc9c0f9-2a56-4482-9b11-6aadefe6202d",,"<p class=""font_8"">Top Treatment Centers With Body Image Therapy</p>","<p class=""font_7"">These centers include body image therapy in their treatment programs to assist individuals in recovery from addiction or mental health issues. Explore our curated list to find the ideal rehab center for your needs.</p>","/therapies/body-image-therapy"
"1-on-1 Counseling","46573c1e-6371-4a09-a9e7-90a2ef788d31",2025-01-28T16:03:34Z,2025-02-11T10:33:52Z,"9dc9c0f9-2a56-4482-9b11-6aadefe6202d",,"<h2 class=""font_2"">Top Treatment Centers With 1-on-1 Counseling</h2>","<p class=""font_7"">These centers include one-on-one counseling in their treatment programs to assist individuals recovering from addiction or mental health challenges. Explore our carefully selected list to find the ideal rehab for your needs.</p>","/therapies/1-on-1-counseling"
"Dance Therapy","47317117-b90e-4e4d-9737-f97372e7c9b4",2025-04-05T13:46:17Z,2025-04-05T13:46:49Z,"9dc9c0f9-2a56-4482-9b11-6aadefe6202d",,"<h2 class=""font_2"">Top Treatment Centers With Dance Therapy</h2>","<p class=""font_7"">These centers integrate Dance Therapy into their treatment programs to assist individuals recovering from addiction or mental health issues. Browse our carefully selected list to find the ideal rehab that suits your needs.</p>","/therapies/dance-therapy"
"Meditation & Mindfulness","4a417fcf-7560-4887-9db5-5ebebda2e2b1",2025-01-28T16:13:52Z,2025-02-11T10:41:31Z,"9dc9c0f9-2a56-4482-9b11-6aadefe6202d",,"<h2 class=""font_2"">Top Treatment Centers With Meditation &amp; Mindfulness</h2>","<p class=""font_7"">These centers integrate Meditation &amp; Mindfulness into their treatment programs to assist individuals recovering from addiction or mental health disorders. Explore our carefully selected list to find the ideal rehab center that suits your needs.</p>","/therapies/meditation-%26-mindfulness"
"The Sinclair Method","4bc97b92-e726-4afc-a55c-abbb2b633595",2025-01-28T16:19:47Z,2025-02-11T10:42:46Z,"9dc9c0f9-2a56-4482-9b11-6aadefe6202d",,"<h2 class=""font_2"">Top Treatment Centers With The Sinclair Method</h2>","<p class=""font_7"">These centers integrate the Sinclair Method into their treatment programs to assist individuals recovering from addiction or mental health issues. Browse our curated list to discover the rehab that best suits your needs.</p>","/therapies/the-sinclair-method"
"Internal Family Systems Therapy","4e7bdd66-fd15-4f52-a7fd-f403535a8b12",2025-01-28T16:12:26Z,2025-02-11T10:41:08Z,"9dc9c0f9-2a56-4482-9b11-6aadefe6202d",,"<h2 class=""font_2"">Top Treatment Centers With Internal Family Systems Therapy</h2>","<p class=""font_7"">These centers integrate internal family systems therapy into their treatment programs to assist individuals recovering from addiction or mental health issues. Explore our curated list to discover the ideal rehab that suits your needs.</p>","/therapies/internal-family-systems-therapy"
"Transcranial Magnetic Stimulation","5098379a-2d03-438c-b34f-de2c64d9b786",2025-01-28T16:20:00Z,2025-02-11T10:42:51Z,"9dc9c0f9-2a56-4482-9b11-6aadefe6202d",,"<h2 class=""font_2"">Top Treatment Centers With Transcranial Magnetic Stimulation</h2>","<p class=""font_7"">These centers integrate transcranial magnetic stimulation into their treatment strategies to assist individuals recovering from addiction or mental health issues. Browse our curated list to discover the ideal rehab that suits your needs.</p>","/therapies/transcranial-magnetic-stimulation"
"Life Skills","51f31fe2-10d4-439f-a320-06a7cf85430c",2025-01-28T16:13:01Z,2025-02-11T10:41:18Z,"9dc9c0f9-2a56-4482-9b11-6aadefe6202d",,"<h2 class=""font_2"">Top Treatment Centers With Life Skills</h2>","<p class=""font_7"">These centers integrate Life Skills into their treatment programs to assist individuals recovering from addiction or mental health disorders. Explore our carefully selected list to find the ideal rehab center that suits your needs.</p>","/therapies/life-skills"
"Weight Loss","563f6294-5e2b-454a-ad24-405ca0ade596",2025-01-28T16:20:56Z,2025-02-11T10:42:56Z,"9dc9c0f9-2a56-4482-9b11-6aadefe6202d",,"<h2 class=""font_2"">Top Treatment Centers With Weight Loss</h2>","<p class=""font_7"">These centers include weight loss as part of their treatment programs to assist individuals in recovery from addiction or mental health issues. Explore our carefully selected list to find the ideal rehab that suits your needs.</p>","/therapies/weight-loss"
"Spiritual Care","5f44dd20-9f0f-4f08-9d9f-d0671539017c",2025-04-06T12:45:59Z,2025-04-06T12:47:00Z,"9dc9c0f9-2a56-4482-9b11-6aadefe6202d","wix:image://v1/11062b_365af0ba86904c0e94bf607dc8721302~mv2.jpg/Group%20Meditation%20Practice.jpg#originWidth=4245&originHeight=2830","<h2 class=""font_2"">Top Treatment Centers With Spiritual Care</h2>","<p class=""font_7"">These centers integrate yoga into their treatment programs to assist individuals recovering from addiction or mental health issues. Browse our carefully selected list to find the ideal rehab that suits your needs.</p>","/therapies/spiritual-care"
"Hypnotherapy","6ba2b7c0-503e-4847-948b-384dd50df5e1",2025-01-28T16:11:47Z,2025-02-11T10:41:01Z,"9dc9c0f9-2a56-4482-9b11-6aadefe6202d",,"<h2 class=""font_2"">Top Treatment Centers With Hypnotherapy</h2>","<p class=""font_7"">These centers include hypnotherapy as part of their treatment programs to assist individuals in recovering from addiction or mental health issues. Browse our carefully selected list to find the ideal rehab that suits your needs.</p>","/therapies/hypnotherapy"
"Expressive Arts","73867a6f-9daa-4e72-9bc7-4100a97ff58f",2025-01-28T16:08:50Z,2025-02-11T10:40:43Z,"9dc9c0f9-2a56-4482-9b11-6aadefe6202d",,"<h2 class=""font_2"">Top Treatment Centers With Expressive Arts</h2>","<p class=""font_7"">These centers integrate expressive arts into their treatment programs to assist individuals in recovering from addiction or mental health issues. Browse our curated list to find the ideal rehab that suits your needs.</p>","/therapies/expressive-arts"
"Interpersonal Therapy","75628b27-ca63-4ffe-b14f-244fd1c55719",2025-01-28T16:12:32Z,2025-02-11T10:41:11Z,"9dc9c0f9-2a56-4482-9b11-6aadefe6202d",,"<h2 class=""font_2"">Top Treatment Centers With Interpersonal Therapy</h2>","<p class=""font_7"">These centers integrate interpersonal therapy into their treatment programs to assist individuals recovering from addiction or mental health disorders. Explore our carefully selected list to find the ideal rehab center that suits your needs.</p>","/therapies/interpersonal-therapy"
"Acceptance and Commitment Therapy","79b7bccf-97c7-4720-9cdc-d2e07f331a69",2025-01-28T16:03:38Z,2025-02-12T09:34:38Z,"9dc9c0f9-2a56-4482-9b11-6aadefe6202d",,"<h2 class=""font_2"">Top Treatment Centers With Acceptance and Commitment Therapy (ACT)</h2>","<p class=""font_7"">These centers utilize Acceptance and Commitment Therapy (ACT) in their treatment programs to assist individuals recovering from addiction or mental health challenges. Explore our carefully curated list to discover the rehab facility that best suits your needs.</p>","/therapies/acceptance-and-commitment-therapy-(act)"
"Rational Emotive Behavior Therapy","7cac0ce6-e0e2-41f4-a301-4f0428af05ee",2025-01-28T16:17:40Z,2025-02-11T10:42:11Z,"9dc9c0f9-2a56-4482-9b11-6aadefe6202d",,"<h2 class=""font_2"">Top Treatment Centers With Rational Emotive Behavior Therapy</h2>","<p class=""font_7"">These centers integrate rational emotive behavior therapy into their treatment programs to assist individuals recovering from addiction or mental health issues. Browse our carefully selected list to find the rehab that best suits your needs.</p>","/therapies/rational-emotive-behavior-therapy"
"Art Therapy","7d85129d-7fe1-4319-857b-a6d10bcfa0e0",2025-01-28T16:05:02Z,2025-02-11T10:34:13Z,"9dc9c0f9-2a56-4482-9b11-6aadefe6202d",,"<h2 class=""font_2"">Top Treatment Centers With Art Therapy</h2>","<p class=""font_7"">These centers include art therapy in their treatment programs to assist individuals in recovering from addiction or mental health challenges. Explore our carefully curated list to find the ideal rehab for your needs.</p>","/therapies/art-therapy"
"Ibogaine Treatment","830f3eaf-9327-4e2c-9b5c-ef213d17f765",2025-01-28T16:12:00Z,2025-02-11T10:41:05Z,"9dc9c0f9-2a56-4482-9b11-6aadefe6202d",,"<h2 class=""font_2"">Top Treatment Centers With Ibogaine Treatment</h2>","<p class=""font_7"">These centers include ibogaine therapy as part of their treatment plans to assist individuals in recovering from addiction or mental health issues. Browse our carefully selected list to find the rehab that best suits your needs.</p>","/therapies/ibogaine-treatment"
"Group Therapy","8698a116-7492-4cca-a09c-20a73606760a",2025-01-28T16:10:25Z,2025-02-11T10:40:55Z,"9dc9c0f9-2a56-4482-9b11-6aadefe6202d",,"<h2 class=""font_2"">Top Treatment Centers With Group Therapy</h2>","<p class=""font_7"">These centers include group therapy as part of their treatment programs to assist individuals in recovery from addiction or mental health issues. Browse our curated list to find the ideal rehab facility for your needs.</p>","/therapies/group-therapy"
"Somatic Experiencing","86fde9f8-e4fc-433b-8112-fdcce2c3ad1f",2025-01-28T16:18:47Z,2025-02-11T10:42:28Z,"9dc9c0f9-2a56-4482-9b11-6aadefe6202d",,"<h2 class=""font_2"">Top Treatment Centers With Somatic Experiencing</h2>","<p class=""font_7"">These centers include somatic experiencing in their treatment approaches to assist individuals in recovering from addiction or mental health challenges. Explore our carefully selected list to find the rehab that best suits your needs.</p>","/therapies/somatic-experiencing"
"Eye Movement Therapy","87a3ea8c-97b6-4266-8abf-4e013506bb30",2025-01-28T16:09:03Z,2025-02-12T09:34:50Z,"9dc9c0f9-2a56-4482-9b11-6aadefe6202d",,"<h2 class=""font_2"">Top Treatment Centers With Eye Movement Therapy (EMDR)</h2>","<p class=""font_7"">These centers include eye movement therapy (EMDR) in their treatment plans to assist individuals recovering from addiction or mental health disorders. Browse our carefully selected list to find the rehab facility that best suits your needs.</p>","/therapies/eye-movement-therapy-(emdr)"
"Narrative Therapy","885dd78a-c386-4b15-bfee-bc419fe7b36d",2025-01-28T16:15:01Z,2025-02-11T10:41:45Z,"9dc9c0f9-2a56-4482-9b11-6aadefe6202d",,"<h2 class=""font_2"">Top Treatment Centers With Narrative Therapy</h2>","<p class=""font_7"">These centers integrate Narrative Therapy into their treatment programs to assist individuals recovering from addiction or mental health disorders. Explore our carefully selected list to find the ideal rehab center that suits your needs.</p>","/therapies/narrative-therapy"
"Couples Counseling","8a609532-0a45-4ff7-a9ef-385e0f36d94f",2025-01-28T16:06:28Z,2025-02-11T10:40:19Z,"9dc9c0f9-2a56-4482-9b11-6aadefe6202d",,"<h2 class=""font_2"">Top Treatment Centers With Couples Counseling</h2>","<p class=""font_7"">These centers include couples counseling in their treatment programs to assist individuals in recovery from addiction or mental health issues. Browse our curated list to find the ideal rehab that suits your needs.</p>","/therapies/couples-counseling"
"Meaning-Centered Therapy","8ce5a124-0fb7-42c1-9a53-916f1eb31c27",2025-01-28T16:13:24Z,2025-02-11T10:41:23Z,"9dc9c0f9-2a56-4482-9b11-6aadefe6202d",,"<h2 class=""font_2"">Top Treatment Centers With Meaning-Centered Therapy</h2>","<p class=""font_7"">These centers integrate Meaning-Centered Therapy into their treatment programs to assist individuals recovering from addiction or mental health disorders. Explore our carefully selected list to find the ideal rehab center that suits your needs.</p>","/therapies/meaning-centered-therapy"
"Surf Therapy","941e5441-0125-4838-86e4-62e77213d04d",2025-01-28T16:19:25Z,2025-02-11T10:42:38Z,"9dc9c0f9-2a56-4482-9b11-6aadefe6202d",,"<h2 class=""font_2"">Top Treatment Centers With Surf Therapy</h2>","<p class=""font_7"">These centers integrate surf therapy into their treatment programs to assist individuals in recovery from addiction or mental health issues. Browse our curated list to find the ideal rehab that suits your needs.</p>","/therapies/surf-therapy"
"Yoga","98722931-fd36-49b0-9c8c-60d95a8999d9",2025-01-28T16:21:07Z,2025-02-11T10:43:01Z,"9dc9c0f9-2a56-4482-9b11-6aadefe6202d",,"<h2 class=""font_2"">Top Treatment Centers With Yoga</h2>","<p class=""font_7"">These centers integrate yoga into their treatment programs to assist individuals recovering from addiction or mental health issues. Browse our carefully selected list to find the ideal rehab that suits your needs.</p>","/therapies/yoga"
"Biofeedback","9b75a43d-ad3e-4e98-8cbe-03f579df4ee2",2025-01-28T16:05:48Z,2025-02-11T10:39:27Z,"9dc9c0f9-2a56-4482-9b11-6aadefe6202d",,"<h2 class=""font_2"">Top Treatment Centers With Biofeedback</h2>","<p class=""font_7"">These centers integrate biofeedback into their treatment programs to assist individuals recovering from addiction or mental health issues. Browse our carefully selected list to find the ideal rehab that suits your needs.</p>","/therapies/biofeedback"
"Mindfulness-Based Cognitive Therapy","a34d3462-0d92-413d-8809-83ead3a2416f",2025-01-28T16:14:20Z,2025-02-11T10:41:37Z,"9dc9c0f9-2a56-4482-9b11-6aadefe6202d",,"<h2 class=""font_2"">Top Treatment Centers With Mindfulness-Based Cognitive Therapy</h2>","<p class=""font_7"">These centers integrate Mindfulness-Based Cognitive Therapy into their treatment programs to assist individuals recovering from addiction or mental health disorders. Explore our carefully selected list to find the ideal rehab center that suits your needs.</p>","/therapies/mindfulness-based-cognitive-therapy"
"Animal Therapy","a674f144-ead5-454e-9854-0d11aa674118",2025-01-28T16:04:27Z,2025-02-11T10:34:06Z,"9dc9c0f9-2a56-4482-9b11-6aadefe6202d",,"<h2 class=""font_2"">Top Treatment Centers With Animal Therapy</h2>","<p class=""font_7"">These centers include animal therapy in their treatment programs to assist individuals recovering from addiction or mental health challenges. Explore our carefully curated list to find the ideal rehab for your needs.</p>","/therapies/animal-therapy"
"Canine Therapy","aae9eadf-99f9-4f8b-8faa-5350fcba930b",2025-01-28T16:06:15Z,2025-02-11T10:40:13Z,"9dc9c0f9-2a56-4482-9b11-6aadefe6202d",,"<h2 class=""font_2"">Top Treatment Centers With Canine Therapy</h2>","<p class=""font_7"">These centers include canine therapy in their treatment plans to aid individuals in recovery from addiction or mental health issues. Browse our carefully selected list to find the rehab that suits your needs.</p>","/therapies/canine-therapy"
"Biochemical Restoration","add210f5-7e64-47bd-b63d-75ca0131b70a",2025-01-28T16:05:36Z,2025-02-11T10:39:22Z,"9dc9c0f9-2a56-4482-9b11-6aadefe6202d",,"<h2 class=""font_2"">Top Treatment Centers With Biochemical Restoration</h2>","<p class=""font_7"">These centers include biochemical restoration in their treatment plans to aid individuals recovering from addiction or mental health disorders. Explore our curated list to find the ideal rehab center for your needs.</p>","/therapies/biochemical-restoration"
"Music Therapy","b6a47454-5825-4e40-93aa-083463225062",2025-01-28T16:14:50Z,2025-02-11T10:41:42Z,"9dc9c0f9-2a56-4482-9b11-6aadefe6202d",,"<h2 class=""font_2"">Top Treatment Centers With Music Therapy</h2>","<p class=""font_7"">These centers integrate Music Therapy into their treatment programs to assist individuals recovering from addiction or mental health disorders. Explore our carefully selected list to find the ideal rehab center that suits your needs.</p>","/therapies/music-therapy"
"Adventure Therapy","bb508ea3-53f3-4fa6-b334-033af0abceb1",2025-01-28T16:04:14Z,2025-02-11T10:34:03Z,"9dc9c0f9-2a56-4482-9b11-6aadefe6202d",,"<h2 class=""font_2"">Top Treatment Centers With Adventure Therapy</h2>","<p class=""font_7"">These centers include adventure therapy as part of their treatment programs to aid individuals recovering from addiction or mental health challenges. Explore our carefully selected list to find the ideal rehab for your needs.</p>","/therapies/adventure-therapy"
"Adult-Child Therapy","bbced060-0936-4987-877c-2551597c2638",2025-01-28T16:04:01Z,2025-02-11T10:34:00Z,"9dc9c0f9-2a56-4482-9b11-6aadefe6202d",,"<h2 class=""font_2"">Top Treatment Centers With Adult-Child Therapy</h2>","<p class=""font_7"">These centers include adult-child therapy in their treatment programs to assist individuals recovering from addiction or mental health challenges. Explore our carefully curated list to discover the rehab that best suits your needs.</p>","/therapies/adult-child-therapy"
"Aromatherapy","c4d93d98-cfc0-43c0-b837-8261753feae2",2025-01-28T16:04:48Z,2025-02-11T10:34:09Z,"9dc9c0f9-2a56-4482-9b11-6aadefe6202d",,"<h2 class=""font_2"">Top Treatment Centers With Aromatherapy</h2>","<p class=""font_7"">These centers include aromatherapy in their treatment programs to assist individuals in their recovery from addiction or mental health challenges. Explore our carefully selected list to find the ideal rehab for your needs.</p>","/therapies/aromatherapy"
"Elephant Therapy","c93c783e-3003-4def-ba3c-c1ad7531d5c2",2025-01-28T16:07:41Z,2025-02-11T10:40:32Z,"9dc9c0f9-2a56-4482-9b11-6aadefe6202d",,"<h2 class=""font_2"">Top Treatment Centers With Elephant Therapy</h2>","<p class=""font_7"">These centers integrate elephant therapy into their treatment programs to assist individuals in recovering from addiction or mental health issues. Browse our curated list to discover the rehab that best suits your needs.</p>","/therapies/elephant-therapy"
"Attachment-Based Family Therapy","cc9cc915-cabf-44c1-a0fc-c643d88f110f",2025-01-28T16:05:13Z,2025-02-11T10:34:14Z,"9dc9c0f9-2a56-4482-9b11-6aadefe6202d",,"<h2 class=""font_2"">Top Treatment Centers With Attachment-Based Family Therapy</h2>","<p class=""font_7"">These centers utilize attachment-based family therapy in their treatment programs to aid individuals in recovering from addiction or mental health challenges. Explore our carefully curated list to discover the ideal rehab for your needs.</p>","/therapies/attachment-based-family-therapy"
"Recreation Therapy","cd87d78f-a2ff-4741-8fc0-fe074249d536",2025-01-28T16:17:55Z,2025-02-11T10:42:15Z,"9dc9c0f9-2a56-4482-9b11-6aadefe6202d",,"<h2 class=""font_2"">Top Treatment Centers With Recreation Therapy</h2>","<p class=""font_7"">These centers include recreation therapy in their treatment programs to assist individuals recovering from addiction or mental health disorders. Browse our carefully selected list to find the rehab that best suits your needs.</p>","/therapies/recreation-therapy"
"Equine Therapy","ce5e6401-4154-4a07-a581-791862cd7481",2025-01-28T16:08:05Z,2025-02-11T10:40:35Z,"9dc9c0f9-2a56-4482-9b11-6aadefe6202d",,"<h2 class=""font_2"">Top Treatment Centers With Equine Therapy</h2>","<p class=""font_7"">These centers integrate equine therapy into their treatment programs to help individuals recovering from addiction or mental health issues. Explore our carefully selected list to find the rehab center that best suits your needs.</p>","/therapies/equine-therapy"
"Medication-Assisted Treatment","d0dd387a-e325-4845-ab4e-376e08717900",2025-01-28T16:13:38Z,2025-02-11T10:41:28Z,"9dc9c0f9-2a56-4482-9b11-6aadefe6202d",,"<h2 class=""font_2"">Top Treatment Centers With Medication-Assisted Treatment</h2>","<p class=""font_7"">These centers integrate Medication-Assisted Treatment into their treatment programs to assist individuals recovering from addiction or mental health disorders. Explore our carefully selected list to find the ideal rehab center that suits your needs.</p>","/therapies/medication-assisted-treatment"
"Physiotherapy","d84b3d11-a6bb-46d5-9bba-02a6a19b11ad",2025-01-28T16:16:14Z,2025-02-11T10:42:01Z,"9dc9c0f9-2a56-4482-9b11-6aadefe6202d",,"<h2 class=""font_2"">Top Treatment Centers With Physiotherapy</h2>","<p class=""font_7"">These centers include physiotherapy in their treatment programs to assist individuals recovering from addiction or mental health issues. Browse our carefully selected list to find the rehab that best suits your needs.</p>","/therapies/physiotherapy"
"Psychodrama Therapy","d88fbe8f-5d41-4049-b3cb-3e6a0ccc37d4",2025-01-28T16:17:08Z,2025-02-11T10:42:08Z,"9dc9c0f9-2a56-4482-9b11-6aadefe6202d",,"<h2 class=""font_2"">Top Treatment Centers With Psychodrama Therapy</h2>","<p class=""font_7"">These centers integrate psychodrama therapy into their treatment programs to assist individuals in recovering from addiction or mental health issues. Explore our carefully selected list to find the rehab that best suits your needs.</p>","/therapies/psychodrama-therapy"
"Ketamine Therapy","dfa363fc-51f0-4d3f-904d-8da750bb1892",2025-01-28T16:12:45Z,2025-02-11T10:41:16Z,"9dc9c0f9-2a56-4482-9b11-6aadefe6202d",,"<h2 class=""font_2"">Top Treatment Centers With Ketamine Therapy</h2>","<p class=""font_7"">These centers integrate Ketamine Therapy into their treatment programs to assist individuals recovering from addiction or mental health disorders. Explore our carefully selected list to find the ideal rehab center that suits your needs.</p>","/therapies/ketamine-therapy"
"Horticultural Therapy","e43ad760-c133-4f42-b223-af09d03c440b",2025-01-28T16:11:36Z,2025-02-11T10:40:58Z,"9dc9c0f9-2a56-4482-9b11-6aadefe6202d",,"<h2 class=""font_2"">Top Treatment Centers With Horticultural Therapy</h2>","<p class=""font_7"">These centers integrate horticultural therapy into their treatment programs to assist individuals recovering from addiction or mental health issues. Browse our carefully selected list to find the ideal rehab that suits your needs.</p>","/therapies/horticultural-therapy"
"Mindfulness Therapy","e5529d94-948d-4faa-8db8-82cb3c440a53",2025-01-28T16:14:06Z,2025-02-11T10:41:34Z,"9dc9c0f9-2a56-4482-9b11-6aadefe6202d",,"<h2 class=""font_2"">Top Treatment Centers With Mindfulness Therapy</h2>","<p class=""font_7"">These centers integrate Mindfulness Therapy into their treatment programs to assist individuals recovering from addiction or mental health disorders. Explore our carefully selected list to find the ideal rehab center that suits your needs.</p>","/therapies/mindfulness-therapy"
"Stress Management","e7289d4a-0a7e-4aa5-a2b5-d3673e441af1",2025-02-19T21:32:15Z,2025-04-05T13:45:57Z,"9dc9c0f9-2a56-4482-9b11-6aadefe6202d",,"<h2 class=""font_2"">Top Treatment Centers With Stress Management</h2>","<p class=""font_8"">These centers include Stress Management as part of their treatment programs to aid individuals recovering from addiction or mental health challenges. Explore our carefully selected list to find the ideal rehab for your needs.</p>","/therapies/stress-management"
"Trauma-Specific Therapy","e8918a48-4a08-4c7e-90c4-5583b21e7b57",2025-01-28T16:20:22Z,2025-02-11T10:42:53Z,"9dc9c0f9-2a56-4482-9b11-6aadefe6202d",,"<h2 class=""font_2"">Top Treatment Centers With Trauma-Specific Therapy</h2>","<p class=""font_7"">These centers integrate trauma-focused therapy into their treatment programs to assist individuals recovering from addiction or mental health issues. Browse our carefully selected list to find the rehab that best suits your needs.</p>","/therapies/trauma-specific-therapy"
"Cognitive Behavioral Therapy","eae62218-0f43-4b54-84c3-9cf886bf78f6",2025-01-28T16:06:26Z,2025-02-11T10:40:16Z,"9dc9c0f9-2a56-4482-9b11-6aadefe6202d",,"<h2 class=""font_2"">Top Treatment Centers With Cognitive Behavioral Therapy</h2>","<p class=""font_7"">These centers integrate cognitive behavioral therapy into their treatment programs to help individuals recovering from addiction or mental health issues. Browse our curated list to find the ideal rehab that suits your needs.</p>","/therapies/cognitive-behavioral-therapy"
"Relapse Prevention Counseling","f0decda4-1f42-476e-91ef-8a1f4eac53c8",2025-01-28T16:18:21Z,2025-02-11T10:42:20Z,"9dc9c0f9-2a56-4482-9b11-6aadefe6202d",,"<h2 class=""font_2"">Top Treatment Centers With Relapse Prevention Counseling</h2>","<p class=""font_7"">These centers include relapse prevention counseling in their treatment programs to assist individuals recovering from addiction or mental health issues. Explore our curated list to find the ideal rehab center for your needs.</p>","/therapies/relapse-prevention-counseling"
"Reiki","f85627a7-d6e5-469f-96d8-a35b65148840",2025-01-28T16:18:10Z,2025-02-11T10:42:17Z,"9dc9c0f9-2a56-4482-9b11-6aadefe6202d",,"<h2 class=""font_2"">Top Treatment Centers With Reiki</h2>","<p class=""font_7"">These centers include reiki as part of their treatment programs to assist individuals in recovery from addiction or mental health conditions. Browse our carefully selected list to find the ideal rehab that suits your needs.</p>","/therapies/reiki"
"Motivational Interviewing","faad2d62-ce3c-4067-b731-31b032bce937",2025-01-28T16:14:37Z,2025-02-11T10:41:40Z,"9dc9c0f9-2a56-4482-9b11-6aadefe6202d",,"<h2 class=""font_2"">Top Treatment Centers With Motivational Interviewing</h2>","<p class=""font_7"">These centers integrate Motivational Interviewing into their treatment programs to assist individuals recovering from addiction or mental health disorders. Explore our carefully selected list to find the ideal rehab center that suits your needs.</p>","/therapies/motivational-interviewing"
"Craniosacral Therapy","fe71be9e-5abd-4555-880a-9901a793c9c2",2025-01-28T16:06:30Z,2025-02-11T10:40:22Z,"9dc9c0f9-2a56-4482-9b11-6aadefe6202d",,"<h2 class=""font_2"">Top Treatment Centers With Craniosacral Therapy</h2>","<p class=""font_7"">These centers integrate craniosacral therapy into their treatment approaches to assist individuals in recovering from addiction or mental health issues. Browse our carefully selected list to find the ideal rehab center for your needs.</p>","/therapies/craniosacral-therapy"
