"Treatment Methods","ID","Created Date","Updated Date","Owner","Image of Treatment Methods","Title of Treatment Methods","Description of Treatment Methods","Treatment Methods (Item)"
"Twelve Step","058ecc42-bb6a-435b-850e-85fa8f75ca1d",2025-01-28T14:01:32Z,2025-02-16T14:12:30Z,"9dc9c0f9-2a56-4482-9b11-6aadefe6202d",,"<h2 class=""font_2"">Top Treatment Centers for Twelve Step</h2>","<p class=""font_7"">Twelve Step programs are effective in treating addiction and also help with mental health issues such as depression, anxiety, trauma, and others. Check out our carefully selected list to find the ideal rehab that suits your recovery needs.</p>","/treatment-methods/twelve-step"
"Holistic","076bc729-5f89-4eb3-9d0d-a602eb06542c",2025-01-28T13:59:17Z,2025-02-16T14:12:10Z,"9dc9c0f9-2a56-4482-9b11-6aadefe6202d",,"<h2 class=""font_2"">Top Treatment Centers for Holistic</h2>","<p class=""font_7"">Comprehensive programs can help treat addiction while also addressing mental health issues such as depression, anxiety, trauma, and more. Explore our carefully selected list to find the ideal rehab for your recovery needs.</p>","/treatment-methods/holistic"
"Individual Treatment","10eb2b98-bf28-440b-8432-7916d6b61f7f",2025-01-28T13:59:28Z,2025-02-16T14:12:11Z,"9dc9c0f9-2a56-4482-9b11-6aadefe6202d",,"<h2 class=""font_2"">Top Treatment Centers for Individual Treatment</h2>","<p class=""font_7"">Personalized treatment programs can help overcome addiction while also addressing mental health issues such as depression, anxiety, trauma, and more. Explore our carefully selected list to discover the ideal rehab for your recovery journey.</p>","/treatment-methods/individual-treatment"
"Minnesota Model","59abf14e-6bf4-4be4-a0d6-4807f9192a3c",2025-01-28T13:59:40Z,2025-02-16T14:12:13Z,"9dc9c0f9-2a56-4482-9b11-6aadefe6202d",,"<h2 class=""font_2"">Top Treatment Centers for Minnesota Model</h2>","<p class=""font_7"">Minnesota Model programs provide treatment for addiction while also addressing mental health issues such as depression, anxiety, trauma, and more. Explore our carefully selected list to discover the ideal rehab for your recovery needs.</p>","/treatment-methods/minnesota-model"
"Spiritual Emphasis","5c183d28-6149-466f-a5ff-03ddf9a6fab6",2025-01-28T14:00:31Z,2025-02-16T14:12:22Z,"9dc9c0f9-2a56-4482-9b11-6aadefe6202d",,"<h2 class=""font_2"">Top Treatment Centers for Spiritual Emphasis</h2>","<p class=""font_7"">Spiritual Emphasis programs can help with addiction recovery and also support mental health issues such as depression, anxiety, trauma, and others. Check out our carefully selected list to find the ideal rehab that suits your recovery goals.</p>","/treatment-methods/spiritual-emphasis"
"Wilderness Program","5d4c87d6-bc7f-48dd-bd59-475d31789bd0",2025-01-28T14:01:58Z,2025-02-16T14:12:35Z,"9dc9c0f9-2a56-4482-9b11-6aadefe6202d",,"<h2 class=""font_2"">Top Treatment Centers for Wilderness Program</h2>","<p class=""font_7"">Wilderness programs are effective in treating addiction and tackling mental health issues such as depression, anxiety, trauma, and more. Check out our carefully selected list to find the rehab that best suits your recovery requirements.</p>","/treatment-methods/wilderness-program"
"Concierge Treatment","5fa03872-511f-4bdd-82d8-faf8e8b5468d",2025-01-28T13:57:56Z,2025-02-16T14:11:54Z,"9dc9c0f9-2a56-4482-9b11-6aadefe6202d",,"<h2 class=""font_2"">Top Treatment Centers for Concierge Treatment</h2>","<p class=""font_7"">Concierge treatment programs can help manage addiction while also addressing mental health challenges such as depression, anxiety, trauma, and more. Explore our carefully selected list to find the ideal rehab facility for your recovery journey.</p>","/treatment-methods/concierge-treatment"
"Therapeutic Community","659854d2-28e9-4a84-98e6-7d12a6ddfe54",2025-01-28T14:01:01Z,2025-02-16T14:12:26Z,"9dc9c0f9-2a56-4482-9b11-6aadefe6202d",,"<h2 class=""font_2"">Top Treatment Centers for Therapeutic Community</h2>","<p class=""font_7"">Therapeutic Community programs are effective in treating addiction and managing mental health issues such as depression, anxiety, trauma, and others. Check out our carefully selected list to find the ideal rehab facility that suits your recovery goals.</p>","/treatment-methods/therapeutic-community"
"Gender-Specific","6719ba44-b3c0-499d-9714-b98b2cbea50a",2025-01-28T13:59:04Z,2025-02-16T14:12:05Z,"9dc9c0f9-2a56-4482-9b11-6aadefe6202d",,"<h2 class=""font_2"">Top Treatment Centers for Gender-Specific</h2>","<p class=""font_7"">Gender-specific programs can effectively address addiction while also tackling mental health issues such as depression, anxiety, trauma, and more. Explore our carefully selected list to find the ideal rehab facility that aligns with your recovery goals.</p>","/treatment-methods/gender-specific"
"Wellness","688b9639-8181-4513-b902-db14ff438989",2025-01-28T14:01:45Z,2025-02-16T14:12:33Z,"9dc9c0f9-2a56-4482-9b11-6aadefe6202d",,"<h2 class=""font_2"">Top Treatment Centers for Wellness</h2>","<p class=""font_7"">Wellness programs can help with addiction and also support mental health issues such as depression, anxiety, trauma, and more. Check out our carefully selected list to find the best rehab facility that suits your recovery goals.</p>","/treatment-methods/wellness"
"Strengths-Based","6ac25a32-bd31-41c2-8572-5522e3bbe470",2025-01-28T14:00:45Z,2025-02-16T14:12:24Z,"9dc9c0f9-2a56-4482-9b11-6aadefe6202d",,"<h2 class=""font_2"">Top Treatment Centers for Strengths-Based</h2>","<p class=""font_7"">Strengths-Based programs are effective in treating addiction and addressing mental health issues such as depression, anxiety, trauma, and more. Check out our carefully selected list to find the ideal rehab that suits your recovery needs.</p>","/treatment-methods/strengths-based"
"Christian","919732e0-9ab2-4504-a53f-8b8aacfd89a2",2025-01-28T13:57:30Z,2025-02-16T14:11:51Z,"9dc9c0f9-2a56-4482-9b11-6aadefe6202d",,"<h2 class=""font_2"">Top Treatment Centers for Christian</h2>","<p class=""font_7"">Christian programs provide treatment for addiction while also addressing mental health issues such as depression, anxiety, trauma, and more. Explore our carefully selected list to find the ideal rehab facility for your recovery journey.</p>","/treatment-methods/christian"
"Personalized Treatment","a8c94b35-f69c-44bc-99cd-dff87b8f50cb",2025-02-19T23:17:07Z,2025-02-19T23:17:41Z,"9dc9c0f9-2a56-4482-9b11-6aadefe6202d",,"<h2 class=""font_2"">Top Treatment Centers for Personalized Treatment</h2>","<p class=""font_8"">Personalized Treatment are effective in treating addiction and tackling mental health issues such as depression, anxiety, trauma, and more. Check out our carefully selected list to find the rehab that best suits your recovery requirements.</p>","/treatment-methods/personalized-treatment"
"Non 12 Step","ace8f071-58e9-445c-9108-6e140a5ac628",2025-01-28T14:00:14Z,2025-02-16T14:12:20Z,"9dc9c0f9-2a56-4482-9b11-6aadefe6202d",,"<h2 class=""font_2"">Top Treatment Centers for Non 12 Step</h2>","<p class=""font_7"">Non-12 Step programs are effective in treating addiction and can also help with mental health issues such as depression, anxiety, trauma, and more. Check out our carefully selected list to find the ideal rehab that suits your recovery goals.</p>","/treatment-methods/non-12-step"
"Experiential","cc109887-7c74-4fd1-9f9f-b3d867c1940f",2025-01-28T13:58:19Z,2025-02-16T14:11:59Z,"9dc9c0f9-2a56-4482-9b11-6aadefe6202d",,"<h2 class=""font_2"">Top Treatment Centers for Experiential</h2>","<p class=""font_7"">Experiential programs can effectively treat addiction while also addressing mental health conditions such as depression, anxiety, trauma, and others. Explore our carefully selected list to find the ideal rehab facility tailored to your recovery needs.</p>","/treatment-methods/experiential"
"Bio-Medical","cdb94d0f-359b-42b2-b869-61c5c192b936",2025-01-28T13:55:29Z,2025-02-16T14:11:49Z,"9dc9c0f9-2a56-4482-9b11-6aadefe6202d",,"<h2 class=""font_2"">Top Treatment Centers for Bio-Medical</h2>","<p class=""font_7"">Bio-medical programs can help treat addiction while also addressing mental health issues such as depression, anxiety, trauma, and more. Explore our carefully curated list to discover the best rehab options tailored to your recovery needs.</p>","/treatment-methods/bio-medical"
"Evidence-Based","e7f95dae-aac9-4e99-84b5-ca807b89b18d",2025-01-28T13:58:07Z,2025-02-16T14:11:56Z,"9dc9c0f9-2a56-4482-9b11-6aadefe6202d",,"<h2 class=""font_2"">Top Treatment Centers for Evidence-Based</h2>","<p class=""font_7"">Evidence-based programs can effectively treat addiction while also addressing mental health issues such as depression, anxiety, trauma, and more. Explore our carefully selected list to discover the best rehab facility tailored to your recovery needs.</p>","/treatment-methods/evidence-based"
"Naturopathy","ece6a7bd-e860-458d-b175-6ea0b59a62f2",2025-01-28T14:00:01Z,2025-02-16T14:12:17Z,"9dc9c0f9-2a56-4482-9b11-6aadefe6202d",,"<h2 class=""font_2"">Top Treatment Centers for Naturopathy</h2>","<p class=""font_7"">Naturopathy programs can help treat addiction and also manage mental health issues such as depression, anxiety, trauma, and more. Check out our carefully selected list to find the ideal rehab that suits your recovery needs.</p>","/treatment-methods/naturopathy"
"Family Involvement","f90b1034-5a58-4566-bd12-e1973134a971",2025-01-28T13:58:52Z,2025-02-16T14:12:03Z,"9dc9c0f9-2a56-4482-9b11-6aadefe6202d",,"<h2 class=""font_2"">Top Treatment Centers for Family Involvement</h2>","<p class=""font_7"">Family involvement programs can help address addiction while also tackling mental health issues such as depression, anxiety, trauma, and more. Explore our carefully selected list to find the ideal rehab to support your recovery journey.</p>","/treatment-methods/family-involvement"
"Trauma Informed","fedcf58f-3f83-4b6c-b28c-cd7ecd1cf149",2025-01-28T14:01:17Z,2025-02-16T14:12:28Z,"9dc9c0f9-2a56-4482-9b11-6aadefe6202d",,"<h2 class=""font_2"">Top Treatment Centers for Trauma Informed</h2>","<p class=""font_7"">Trauma-informed programs can help treat addiction while also addressing mental health issues such as depression, anxiety, trauma, and others. Check out our carefully selected list to find the rehab that best suits your recovery needs.</p>","/treatment-methods/trauma-informed"
